"filename", "language", "XML", "C++", "JSON", "Log", "CMake Cache", "CMake", "C", "comment", "blank", "total"
"/Users/season/Projects/cplusplus/Projects/Project5/.idea/Project5.iml", "XML", 2, 0, 0, 0, 0, 0, 0, 0, 0, 2
"/Users/season/Projects/cplusplus/Projects/Project5/.idea/misc.xml", "XML", 4, 0, 0, 0, 0, 0, 0, 0, 0, 4
"/Users/season/Projects/cplusplus/Projects/Project5/.idea/modules.xml", "XML", 8, 0, 0, 0, 0, 0, 0, 0, 0, 8
"/Users/season/Projects/cplusplus/Projects/Project5/Class/fileProcess.cpp", "C++", 0, 16, 0, 0, 0, 0, 0, 3, 7, 26
"/Users/season/Projects/cplusplus/Projects/Project5/Class/fileProcess.h", "C++", 0, 20, 0, 0, 0, 0, 0, 3, 6, 29
"/Users/season/Projects/cplusplus/Projects/Project5/Class/userAccount.cpp", "C++", 0, 34, 0, 0, 0, 0, 0, 7, 9, 50
"/Users/season/Projects/cplusplus/Projects/Project5/Class/userAccount.h", "C++", 0, 18, 0, 0, 0, 0, 0, 3, 6, 27
"/Users/season/Projects/cplusplus/Projects/Project5/UI/mainwindow.cpp", "C++", 0, 40, 0, 0, 0, 0, 0, 5, 18, 63
"/Users/season/Projects/cplusplus/Projects/Project5/UI/mainwindow.h", "C++", 0, 18, 0, 0, 0, 0, 0, 3, 11, 32
"/Users/season/Projects/cplusplus/Projects/Project5/UI/mainwindow.ui", "XML", 32, 0, 0, 0, 0, 0, 0, 0, 1, 33
"/Users/season/Projects/cplusplus/Projects/Project5/UI/ui_mainwindow.h", "C++", 0, 80, 0, 0, 0, 0, 0, 9, 31, 120
"/Users/season/Projects/cplusplus/Projects/Project5/UI/ui_userwindow.h", "C++", 0, 48, 0, 0, 0, 0, 0, 7, 13, 68
"/Users/season/Projects/cplusplus/Projects/Project5/UI/userwindow.cpp", "C++", 0, 9, 0, 0, 0, 0, 0, 4, 7, 20
"/Users/season/Projects/cplusplus/Projects/Project5/UI/userwindow.h", "C++", 0, 15, 0, 0, 0, 0, 0, 3, 11, 29
"/Users/season/Projects/cplusplus/Projects/Project5/UI/userwindow.ui", "XML", 68, 0, 0, 0, 0, 0, 0, 0, 1, 69
"/Users/season/Projects/cplusplus/Projects/Project5/cmake-build-debug/.cmake/api/v1/reply/cache-v2-131f42fb6e041b02ee6a.json", "JSON", 0, 0, 5551, 0, 0, 0, 0, 0, 1, 5552
"/Users/season/Projects/cplusplus/Projects/Project5/cmake-build-debug/.cmake/api/v1/reply/cmakeFiles-v1-ae2c99dc6358215b0a56.json", "JSON", 0, 0, 1091, 0, 0, 0, 0, 0, 1, 1092
"/Users/season/Projects/cplusplus/Projects/Project5/cmake-build-debug/.cmake/api/v1/reply/codemodel-v2-c934709163ab68f67b7e.json", "JSON", 0, 0, 78, 0, 0, 0, 0, 0, 1, 79
"/Users/season/Projects/cplusplus/Projects/Project5/cmake-build-debug/.cmake/api/v1/reply/directory-.-Debug-f5ebdc15457944623624.json", "JSON", 0, 0, 14, 0, 0, 0, 0, 0, 1, 15
"/Users/season/Projects/cplusplus/Projects/Project5/cmake-build-debug/.cmake/api/v1/reply/index-2021-12-28T04-51-17-0163.json", "JSON", 0, 0, 108, 0, 0, 0, 0, 0, 1, 109
"/Users/season/Projects/cplusplus/Projects/Project5/cmake-build-debug/.cmake/api/v1/reply/target-Project5-Debug-433a108fbe9490ad22c3.json", "JSON", 0, 0, 385, 0, 0, 0, 0, 0, 1, 386
"/Users/season/Projects/cplusplus/Projects/Project5/cmake-build-debug/.cmake/api/v1/reply/target-Project5_autogen-Debug-c4300d1226d717fec71c.json", "JSON", 0, 0, 71, 0, 0, 0, 0, 0, 1, 72
"/Users/season/Projects/cplusplus/Projects/Project5/cmake-build-debug/.cmake/api/v1/reply/target-Project5_autogen_timestamp_deps-Debug-454fe68491771d65b20f.json", "JSON", 0, 0, 58, 0, 0, 0, 0, 0, 1, 59
"/Users/season/Projects/cplusplus/Projects/Project5/cmake-build-debug/.cmake/api/v1/reply/toolchains-v1-bc2add9ee6b3ed08514a.json", "JSON", 0, 0, 88, 0, 0, 0, 0, 0, 1, 89
"/Users/season/Projects/cplusplus/Projects/Project5/cmake-build-debug/CMakeCache.txt", "CMake Cache", 0, 0, 0, 0, 1030, 0, 0, 0, 79, 1109
"/Users/season/Projects/cplusplus/Projects/Project5/cmake-build-debug/CMakeFiles/3.21.1/CMakeCCompiler.cmake", "CMake", 0, 0, 0, 0, 0, 63, 0, 0, 18, 81
"/Users/season/Projects/cplusplus/Projects/Project5/cmake-build-debug/CMakeFiles/3.21.1/CMakeCXXCompiler.cmake", "CMake", 0, 0, 0, 0, 0, 72, 0, 0, 20, 92
"/Users/season/Projects/cplusplus/Projects/Project5/cmake-build-debug/CMakeFiles/3.21.1/CMakeSystem.cmake", "CMake", 0, 0, 0, 0, 0, 10, 0, 0, 6, 16
"/Users/season/Projects/cplusplus/Projects/Project5/cmake-build-debug/CMakeFiles/3.21.1/CompilerIdC/CMakeCCompilerId.c", "C", 0, 0, 0, 0, 0, 0, 615, 61, 132, 808
"/Users/season/Projects/cplusplus/Projects/Project5/cmake-build-debug/CMakeFiles/3.21.1/CompilerIdCXX/CMakeCXXCompilerId.cpp", "C++", 0, 603, 0, 0, 0, 0, 0, 63, 130, 796
"/Users/season/Projects/cplusplus/Projects/Project5/cmake-build-debug/CMakeFiles/CMakeError.log", "Log", 0, 0, 0, 16, 0, 0, 0, 0, 7, 23
"/Users/season/Projects/cplusplus/Projects/Project5/cmake-build-debug/CMakeFiles/CMakeOutput.log", "Log", 0, 0, 0, 272, 0, 0, 0, 0, 43, 315
"/Users/season/Projects/cplusplus/Projects/Project5/cmake-build-debug/CMakeFiles/Project5_autogen.dir/AutogenInfo.json", "JSON", 0, 0, 378, 0, 0, 0, 0, 0, 1, 379
"/Users/season/Projects/cplusplus/Projects/Project5/cmake-build-debug/CMakeFiles/clean_additional.cmake", "CMake", 0, 0, 0, 0, 0, 9, 0, 0, 2, 11
"/Users/season/Projects/cplusplus/Projects/Project5/cmake-build-debug/Project5_autogen/EWIEGA46WW/moc_mainwindow.cpp", "C++", 0, 100, 0, 0, 0, 0, 0, 10, 17, 127
"/Users/season/Projects/cplusplus/Projects/Project5/cmake-build-debug/Project5_autogen/EWIEGA46WW/moc_userwindow.cpp", "C++", 0, 75, 0, 0, 0, 0, 0, 8, 16, 99
"/Users/season/Projects/cplusplus/Projects/Project5/cmake-build-debug/Project5_autogen/KRKR4BN5RM/moc_mainwindow.cpp", "C++", 0, 100, 0, 0, 0, 0, 0, 10, 17, 127
"/Users/season/Projects/cplusplus/Projects/Project5/cmake-build-debug/Project5_autogen/KRKR4BN5RM/moc_userwindow.cpp", "C++", 0, 75, 0, 0, 0, 0, 0, 8, 16, 99
"/Users/season/Projects/cplusplus/Projects/Project5/cmake-build-debug/Project5_autogen/include/UI/ui_MainWindow.h", "C++", 0, 33, 0, 0, 0, 0, 0, 7, 13, 53
"/Users/season/Projects/cplusplus/Projects/Project5/cmake-build-debug/Project5_autogen/include/UI/ui_userwindow.h", "C++", 0, 48, 0, 0, 0, 0, 0, 7, 13, 68
"/Users/season/Projects/cplusplus/Projects/Project5/cmake-build-debug/Project5_autogen/include/ui_MainWindow.h", "C++", 0, 33, 0, 0, 0, 0, 0, 7, 13, 53
"/Users/season/Projects/cplusplus/Projects/Project5/cmake-build-debug/Project5_autogen/include/ui_userwindow.h", "C++", 0, 48, 0, 0, 0, 0, 0, 7, 13, 68
"/Users/season/Projects/cplusplus/Projects/Project5/cmake-build-debug/Project5_autogen/moc_predefs.h", "C++", 0, 385, 0, 0, 0, 0, 0, 0, 1, 386
"/Users/season/Projects/cplusplus/Projects/Project5/cmake-build-debug/Project5_autogen/mocs_compilation.cpp", "C++", 0, 2, 0, 0, 0, 0, 0, 1, 1, 4
"/Users/season/Projects/cplusplus/Projects/Project5/cmake-build-debug/Testing/Temporary/LastTest.log", "Log", 0, 0, 0, 3, 0, 0, 0, 0, 1, 4
"/Users/season/Projects/cplusplus/Projects/Project5/cmake-build-debug/cmake_install.cmake", "CMake", 0, 0, 0, 0, 0, 42, 0, 0, 8, 50
"/Users/season/Projects/cplusplus/Projects/Project5/global.h", "C++", 0, 17, 0, 0, 0, 0, 0, 3, 7, 27
"/Users/season/Projects/cplusplus/Projects/Project5/main.cpp", "C++", 0, 12, 0, 0, 0, 0, 0, 5, 5, 22
"/Users/season/Projects/cplusplus/Projects/Project5/tools.cpp", "C++", 0, 37, 0, 0, 0, 0, 0, 12, 8, 57
"Total", "-", 114, 1866, 7822, 291, 1030, 196, 615, 256, 717, 12907